{
  "sdkVersion": "1.0.0",
  "nodeVersion": "v24.1.0",
  "avgTrackMs": 0.0008175370000000149,
  "p95TrackMs": 0.0009000000000014552,
  "p99TrackMs": 0.001599999999996271,
  "memoryUsageEstimate": 8423384,
  "serializedGraphSizeBytes": 101
}
