{
  "sdkVersion": "0.0.0",
  "nodeVersion": "v24.1.0",
  "avgTrackMs": 0.00476768200000009,
  "p95TrackMs": 0.008299999999991314,
  "p99TrackMs": 0.012400000000013733,
  "memoryUsageEstimate": 14361560,
  "serializedGraphSizeBytes": 1407
}
