{
  "baseline": {
    "TPR": 1,
    "FPR": 0.9090909090909091,
    "Precision": 0.09090909090909091,
    "Recall": 1,
    "F1": 0.16666666666666669,
    "avgDetectionLatency": 15.409090909090908
  },
  "noisy": {
    "TPR": 1,
    "FPR": 0,
    "Precision": 1,
    "Recall": 1,
    "F1": 1,
    "avgDetectionLatency": 2.0416666666666665
  },
  "adversarial": {
    "TPR": 1,
    "FPR": 0,
    "Precision": 1,
    "Recall": 1,
    "F1": 1,
    "avgDetectionLatency": 1.2083333333333333
  },
  "random": {
    "TPR": 1,
    "FPR": 0,
    "Precision": 1,
    "Recall": 1,
    "F1": 1,
    "avgDetectionLatency": 2.25
  }
}
