{
  "sdkVersion": "0.1.0",
  "nodeVersion": "v24.1.0",
  "avgTrackMs": 0.0019002830000000135,
  "p95TrackMs": 0.0030000000000001137,
  "p99TrackMs": 0.004500000000007276,
  "memoryUsageEstimate": 30456704,
  "serializedGraphSizeBytes": 1391
}
