{
  "sdkVersion": "0.1.0",
  "nodeVersion": "v24.1.0",
  "avgTrackMs": 0.0018939160000000146,
  "p95TrackMs": 0.003200000000006753,
  "p99TrackMs": 0.004500000000007276,
  "memoryUsageEstimate": 32810896,
  "serializedGraphSizeBytes": 1391
}
