{
  "sdkVersion": "0.0.0",
  "nodeVersion": "v24.1.0",
  "avgTrackMs": 0.0019843210000000757,
  "p95TrackMs": 0.0027999999999934744,
  "p99TrackMs": 0.004499999999993065,
  "memoryUsageEstimate": 29761896,
  "serializedGraphSizeBytes": 1409
}
